2322,simple,VG-GL-001-VM,"Garlic 250gm",1,0,visible,,,,,taxable,,1,,,0,0,,,,,0,,,40,Vegetables,,,https://www.villamart.in/files/VG-GL-001-VM-min.jpg,,,,,,,,,2,Villamart,
2323,simple,FR-BN-001-VM,"Banana (Desi) 6 pc",1,0,visible,,,,,taxable,,0,,,0,0,,,,,0,,,45,Fruits,,,https://www.villamart.in/files/FR-BN-001-VM-min.jpg,,,,,,,,,1,Villamart,
2324,simple,VG-GG-001-VM,"Ginger 250gm",1,0,visible,,,,,taxable,,1,,,0,0,,,,,0,,,50,Vegetables,,,https://www.villamart.in/files/VG-GG-001-VM-min.jpg,,,,,,,,,3,Villamart,
2325,simple,VG-NN-001-VM,"Onion 1Kg",1,0,visible,,,,,taxable,,1,,,0,0,,,,,0,,,30,Vegetables,,,https://www.villamart.in/files/VG-NN-001-VM-min.jpg,,,,,,,,,4,Villamart,
2326,simple,VG-TM-001-VM,"Tomato 1Kg",1,0,visible,,,,,taxable,,1,,,0,0,,,,,0,,,80,Vegetables,,,https://www.villamart.in/files/VG-TM-001-VM-min.jpg,,,,,,,,,6,Villamart,
2327,simple,VG-PK-001-VM,"Pumpkin 1Kg",1,0,visible,,,,,taxable,,1,,,0,0,,,,,0,,,30,Vegetables,,,https://www.villamart.in/files/VG-PK-001-VM-min.jpg,,,,,,,,,7,Villamart,
2328,simple,VG-PT-001-VM,"Potato 1Kg",1,0,visible,,,,,taxable,,1,,,0,0,,,,,0,,,25,Vegetables,,,https://www.villamart.in/files/VG-PT-001-VM-min.jpg,,,,,,,,,5,Villamart,
2329,simple,VG-PP-001-VM,"Papaya (Raw) 1Kg",1,0,visible,,,,,taxable,,1,,,0,0,,,,,0,,28,35,Vegetables,,,https://www.villamart.in/files/VG-PP-001-VM-min.jpg,,,,,,,,,9,Villamart,
2330,simple,VG-BR-001-VM,"Brinjal 1Kg",1,0,visible,,,,,taxable,,1,,,0,0,,,,,0,,,60,Vegetables,,,https://www.villamart.in/files/brinjal.jpg,,,,,,,,,8,Villamart,
2331,simple,VG-YA-001-VM,"Yam (Desi Alu) 1Kg",1,0,visible,,,,,taxable,,1,,,0,0,,,,,0,,,80,Vegetables,,,https://www.villamart.in/files/VG-YA-001-VM-min.jpg,,,,,,,,,10,Villamart,
2332,simple,VG-BN-001-VM,"Banana (Raw)  1 Pieces",1,0,visible,,,,,taxable,,1,,,0,0,,,,,0,,,12,Vegetables,,,https://www.villamart.in/files/VG-BN-001-VM-min.jpg,,,,,,,,,11,Villamart,
2333,simple,CE-BL-002-UT,"Black Rice 1 Kg",'-1,0,visible,,,,,taxable,,1,,,0,0,,,,,0,,,189,"Rice & Cereals",,,https://www.villamart.in/files/black-rice.jpg,,,,,,,,,12,Utpanna,
2334,simple,CE-BL-001-VM,"Black Rice 1 Kg",'-1,1,visible,,,,,taxable,,1,,,0,0,,,,,0,,,149,"Rice & Cereals",,,https://www.villamart.in/files/CE-BL-001-VM-min.jpg,,,,,,,,,13,Villamart,
2335,simple,CE-BW-002-UT,"Semi Brown Rice (Kusumakalli) 1Kg",'-1,1,visible,,,,,taxable,,0,,,0,0,,,,,0,,,69,"Rice & Cereals",,,https://www.villamart.in/files/CE-BW-002-UT-min.jpg,,,,,,,,,14,Utpanna,
2336,simple,CE-BO-002-UT,"Boiled Rice (Kusumkalli) 1Kg",'-1,0,visible,,,,,taxable,,0,,,0,0,,,,,0,,,69,"Rice & Cereals",,,https://www.villamart.in/files/CE-BO-002-UT-min.jpg,,,,,,,,,15,Utpanna,
2337,simple,CE-BO-001-VM,"Semi Polished Boiled Rice 1Kg",'-1,0,visible,,,,,taxable,,1,,,0,0,,,,,0,,55,65,"Rice & Cereals",,,https://www.villamart.in/files/CE-BO-001-VM-min.jpg,,,,,,,,,19,Villamart,
2338,simple,CE-RR-002-UT,"Raw Rice (Kusumakalli) 1Kg",'-1,0,visible,,,,,taxable,,0,,,0,0,,,,,0,,,69,"Rice & Cereals",,,https://www.villamart.in/files/CE-RR-002-UT-min.jpg,,,,,,,,,16,Utpanna,
2339,simple,CE-RR-001-VM,"Raw Rice 1Kg",'-1,0,visible,,,,,taxable,,1,,,0,0,,,,,0,,,59,"Rice & Cereals",,,https://www.villamart.in/files/CE-RR-001-VM-min.jpg,,,,,,,,,17,Villamart,
2340,simple,CE-BW-003-KS,"Brown Raw Rice (Hand Pound) 1Kg",'-1,0,visible,,,,,taxable,,1,,,0,0,,,,,0,,,65,"Rice & Cereals",,,https://www.villamart.in/files/CE-BW-003-KS-min.jpg,,,,,,,,,18,Kasam,
2341,simple,CE-PM-002-UT,"Pearl Millet (Bajra) Sooji 500gm",1,0,visible,,,,,taxable,,0,,,0,0,,,,,0,,,59,"Rice & Cereals",,,https://www.villamart.in/files/CE-PM-002-UT-min.jpg,,,,,,,,,20,Utpanna,
2342,simple,CE-LM-002-UT,"Little Millet Atta 500gm",'-1,0,visible,,,,,taxable,,0,,,0,0,,,,,0,,119,130,"Rice & Cereals",,,https://www.villamart.in/files/CE-LM-002-UT-min.jpg,,,,,,,,,21,Utpanna,
2343,simple,CE-PH-001-VM,"Red Poha (Flattened Rice) 500gm",1,0,visible,,"Benifits-\n\n-Considered as a whole grain, a cup of red rice was shown to cut the risk of developing diabetes up to 60%.\n\n-Poha made with red rice is also a probiotic food. It is good for your gut health and helps smooth function of the digestive system.\n\n-Red rice is one of the best sources of healthy carbohydrates. It provides a good amount of energy to the body for its daily activity.\n\nDescription-\n\nRed poha is rich in manganese, antioxidants, and contains an extremely low glycemic index that can do wonders for diabetes, pre-diabetes and even obesity.",,,taxable,,1,,,0,0,,,,,0,,,35,"Rice & Cereals",,,https://www.villamart.in/files/red-poha-png.png,,,,,,,,,22,Villamart,
2345,simple,PS-HG-001-VM,"Horse Gram 1Kg",'-1,0,visible,"The horse gram is considered useful for stone related problems. It is also known as gahat, muthira, kulath, or kulthi. high in protein and fiber, both of which may support healthy blood sugar levels and decrease appetite",,,,taxable,,1,,,0,0,,,,,0,,,77,"Dals & Pulses",,,https://www.villamart.in/files/PS-HG-001-VM-min.jpg,,,,,,,,,24,Villamart,
2348,simple,PS-MX-001-VM,"7-in-1 Nutri-Snack 250gm",'-1,0,visible,,,,,taxable,,1,,,0,0,,,,,0,,,195,"Dals & Pulses",,,https://www.villamart.in/files/PS-MX-001-VM-min.jpg,,,,,,,,,27,Villamart,
2349,simple,PS-SO-001-UT,"Soyabean Seeds 500gm",'-1,0,visible,,,,,taxable,,0,,,0,0,,,,,0,,,69,"Dals & Pulses",,,https://www.villamart.in/files/PS-SO-001-UT-min.jpg,,,,,,,,,28,Utpanna,
2350,simple,PS-GN-001-VM,"Groundnut (Raw) 500g",'-1,0,visible,,,,,taxable,,1,,,0,0,,,,,0,,,75,"Whole Seeds\, Nuts & Dry Fruits",,,https://www.villamart.in/files/PS-GN-001-VM-min.jpg,,,,,,,,,29,Villamart,
2351,simple,FL-PI-001-VM,"Pithou Powder 250gm",1,0,visible,,,,,taxable,,0,,,0,0,,,,,0,,,49,"Atta\, Flour & Sooji",,,https://www.villamart.in/files/FL-PI-001-VM-min.jpg,,,,,,,,,30,Villamart,
2352,simple,FL-PM-002-UT,"Pearl Millet (Bajra) Flour 500gm",'-1,0,visible,,,,,taxable,,1,,,0,0,,,,,0,,,60,"Atta\, Flour & Sooji",,,https://www.villamart.in/files/atta-bazra-png.png,,,,,,,,,31,Utpanna,
2353,simple,FL-GR-002-UT,"Gram Flour (Besan) 500gm",1,0,visible,,,,,taxable,,1,,,0,0,,,,,0,,49,60,"Atta\, Flour & Sooji",,,https://www.villamart.in/files/FL-GR-002-UT-min.jpg,,,,,,,,,32,Utpanna,
2354,simple,FL-RR-002-UT,"Rice Flour 500gm",'-1,0,visible,,,,,taxable,,1,,,0,0,,,,,0,,,30,"Atta\, Flour & Sooji",,,https://www.villamart.in/files/FL-RR-002-UT-min.jpg,,,,,,,,,33,Utpanna,
2355,simple,FL-AT-002-UT,"Wheat Flour (Sharbatti Atta) 1Kg",'-1,0,visible,,,,,taxable,,1,,,0,0,,,,,0,,,69,"Atta\, Flour & Sooji",,,https://www.villamart.in/files/FL-AT-002-UT-min.jpg,,,,,,,,,34,Utpanna,
2356,simple,FL-SA-002-VM,"Multigrain Sattu (with Sugar) 500gm",'-1,0,visible,,,,,taxable,,1,,,0,0,,,,,0,,,75,"Atta\, Flour & Sooji",,,https://www.villamart.in/files/FL-SA-002-VM-min.jpg,,,,,,,,,35,Villamart,
2357,simple,FL-SA-001-VM,"Multigrain Sattu (No Sugar) 500gm",1,0,visible,,,,,taxable,,1,,,0,0,,,,,0,,,69,"Atta\, Flour & Sooji",,,https://www.villamart.in/files/so-sugar.png,,,,,,,,,36,Villamart,
2358,simple,FL-RG-002-UT,"Ragi Flour 500gm",'-1,0,visible,,,,,taxable,,0,,,0,0,,,,,0,,,45,"Atta\, Flour & Sooji",,,https://www.villamart.in/files/FL-RG-002-UT-min.jpg,,,,,,,,,37,Utpanna,
2359,simple,FL-RG-001-VM,"Ragi Flour 500gm",1,0,visible,,,,,taxable,,1,,,0,0,,,,,1,,,49,"Atta\, Flour & Sooji",,,https://www.villamart.in/files/FL-RG-001-VM-min.jpeg,,,,,,,,,38,Villamart,
2360,simple,SP-CU-002-UT,"Cumin Powder 100gm",'-1,0,visible,,,,,taxable,,0,,,0,0,,,,,0,,,65,"Masalas & Spices",,,https://www.villamart.in/files/SP-CU-002-UT-min.jpg,,,,,,,,,39,Utpanna,
2361,simple,SP-MU-002-KS,"Mustard Seed 500gm",1,0,visible,"&nbsp;\n\n&nbsp;","Benifits-\n\n-Regular consumption of a mustard seeds-rich diet reduces inflammation and activates the healing process in psoriasis-caused lesions and contact dermatitis.\n\n-Mustard green extract benefits people with diabetes by lowering blood sugar levels.¬† ¬† ¬† ¬† ¬† ¬† ¬† ¬† ¬† ¬† ¬† ¬† ¬† ¬† ¬† ¬† ¬† ¬† ¬† ¬† ¬† ¬† ¬† ¬† ¬† ¬† ¬† ¬† ¬† ¬† ¬† ¬† ¬† ¬† ¬† ¬† ¬† ¬† ¬† ¬† ¬† ¬† ¬† ¬† ¬† ¬† ¬† ¬† ¬† ¬† ¬† ¬† ¬† ¬† ¬† ¬† ¬† ¬† ¬† ¬† ¬† ¬† ¬† ¬† ¬† ¬† ¬† ¬† ¬† ¬† ¬† ¬† ¬† ¬† ¬† ¬† ¬† ¬† ¬† ¬† ¬† ¬† ¬† ¬† ¬† Description-\n\nMustard seeds are also a good source of several vitamins, including vitamins C and K, thiamin, riboflavin, vitamin B6, and folic acid.",,,taxable,,1,,,0,0,,,,,0,,,50,"Masalas & Spices",,,https://www.villamart.in/files/Mustard-Seed-1.jpg,,,,,,,,,40,Kasam,
2362,simple,SP-TU-003-KS,"Turmeric Powder 100gm",'-1,0,visible,,,,,taxable,,1,,,0,0,,,,,0,,,29,"Masalas & Spices",,,https://www.villamart.in/files/SP-TU-003-KS-min.jpg,,,,,,,,,41,Kasam,
2363,simple,SP-TU-004-KS,"Turmeric Powder 500gm",'-1,0,visible,,,,,taxable,,1,,,0,0,,,,,0,,89,110,"Masalas & Spices",,,https://www.villamart.in/files/SP-TU-004-KS-min.jpg,,,,,,,,,42,Kasam,
2364,simple,SP-CH-001-VM,"Red Chilli Powder 100gm",'-1,0,visible,,,,,taxable,,0,,,0,0,,,,,0,,,49,"Masalas & Spices",,,https://www.villamart.in/files/SP-CH-001-VM-min.jpg,,,,,,,,,43,Villamart,
2365,simple,SP-MX-002-VM,"Mix Masala (Spicy) 50gm",'-1,0,visible,,,,,taxable,,0,,,0,0,,,,,0,,,19,"Masalas & Spices",,,https://www.villamart.in/files/SP-MX-002-VM-min.jpg,,,,,,,,,44,Villamart,
2366,simple,SP-MX-001-VM,"Mix Masala (Regular) 100gm",'-1,0,visible,,,,,taxable,,0,,,0,0,,,,,0,,,78,"Masalas & Spices",,,https://www.villamart.in/files/SP-MX-001-VM-min.jpg,,,,,,,,,45,Villamart,
2367,simple,SP-TU-001-VM,"Turmeric Powder 250gm",'-1,0,visible,,,,,taxable,,1,,,0,0,,,,,0,,,59,"Masalas & Spices",,,https://www.villamart.in/files/SP-TU-001-VM-min.jpg,,,,,,,,,46,Villamart,
2368,simple,SP-TU-002-VM,"Turmeric Powder 500gm",'-1,1,visible,,,,,taxable,,1,,,0,0,,,,,0,,109,120,"Masalas & Spices",,,https://www.villamart.in/files/SP-TU-002-VM-min.jpg,,,,,,,,,47,Villamart,
2369,simple,SS-SV-002-ST,"Stevia Powder Sweetener",'-1,0,visible,,,,,taxable,,0,,,0,0,,,,,0,,129,150,"Sweet\, Sour & Salt",,,https://www.villamart.in/files/SS-SV-002-ST-min.jpg,,,,,,,,,60,Stevisan,
2370,simple,SS-SV-001-ST,"Stevia Liquid Sweetener",'-1,0,visible,,,,,taxable,,1,,,0,0,,,,,0,,129,150,"Sweet\, Sour & Salt",,,https://www.villamart.in/files/SS-SV-001-ST-min.jpg,,,,,,,,,61,Stevisan,
2371,simple,SS-JG-002-UT,"Date Palm Jaggery 500gm",'-1,0,visible,,,,,taxable,,0,,,0,0,,,,,0,,,209,"Sweet\, Sour & Salt",,,https://www.villamart.in/files/SS-JG-002-UT-min.jpg,,,,,,,,,59,Utpanna,
2372,simple,SS-SL-001-VM,"Himalayan Rock Salt 500gm",1,0,visible,,,,,taxable,,1,,,0,0,,,,,0,,,49.00,"Sweet\, Sour & Salt",,,https://www.villamart.in/files/SS-SL-001-VM-min.jpg,,,,,,,,,54,Villamart,
2373,simple,SS-TR-002-KS,"Tamarind Slab 200gm",'-1,0,visible,,,,,taxable,,0,,,0,0,,,,,0,,59,65,"Sweet\, Sour & Salt",,,https://www.villamart.in/files/SS-TR-002-KS-min.jpg,,,,,,,,,55,Kasam,
2374,simple,SS-TR-001-KS,"Tamarind Paste 200gm",'-1,0,visible,,,,,taxable,,0,,,0,0,,,,,0,,,95,"Sweet\, Sour & Salt",,,https://www.villamart.in/files/SS-TR-001-KS-min.jpg,,,,,,,,,56,Kasam,
2375,simple,SS-JG-003-UT,"Jaggery Powder 500gm",'-1,0,visible,,,,,taxable,,1,,,0,0,,,,,0,,55,85,"Sweet\, Sour & Salt",,,https://www.villamart.in/files/SS-JG-003-UT-min.jpg,,,,,,,,,58,Utpanna,
2376,simple,SS-HN-002-KS,"Wild Honey 500gm",'-1,0,visible,,,,,taxable,,0,,,0,0,,,,,0,,225,350,"Sweet\, Sour & Salt",,,https://www.villamart.in/files/SS-HN-002-KS-min.jpg,,,,,,,,,63,Kasam,
2377,simple,SS-JG-001-VM,"Jaggery (Nayagarh) Semi liquid 500G",1,1,visible,,"Benifits-\n\n-It should from free crystals.\n\n-It should not taste bitter.\n\n-It should not taste salty.\n\n-It should be dark brown in colour.\n\nDescription-\n\nJaggery is good for the prevention of respiratory problems, controlling blood pressure and refining blood that helps fight anaemia. It also helps maintain intestinal health, detoxifies lives and prevents constipation.",,,taxable,,1,,,0,0,,,,,0,,55,85,"Sweet\, Sour & Salt",,,"https://www.villamart.in/files/SS-JG-001-VM-min.jpg, https://www.villamart.in/files/SS-JG-001-VM-min.jpg",,,,,,,,,57,Villamart,
2378,simple,OL-GH-001-VM,"Desi Ghee A2 300gm",'-1,0,visible,,,,,taxable,,0,,,0,0,,,,,0,,,579,"Oil & Ghee",,,https://www.villamart.in/files/OL-GH-001-VM-min.jpg,,,,,,,,,49,Villamart,
2379,simple,OL-SE-001-VM,"Sesame Oil (Cold Pressed) 500ml",'-1,0,visible,,,,,taxable,,0,,,0,0,,,,,0,,239,250,"Oil & Ghee",,,https://www.villamart.in/files/OL-SE-001-VM-min.jpg,,,,,,,,,50,Villamart,
2380,simple,OL-MU-002-UT,"Mustard Oil (Cold Pressed) 650 ml",'-1,0,visible,,,,,taxable,,1,,,0,0,,,,,0,,200,220,"Oil & Ghee",,,https://www.villamart.in/files/OL-MU-002-UT-min.jpg,,,,,,,,,51,Utpanna,
2381,simple,OL-MU-001-VM,"Mustard Oil (Cold Pressed) 500ml",'-1,0,visible,,,,,taxable,,0,,,0,0,,,,,0,,169,175,"Oil & Ghee",,,https://www.villamart.in/files/OL-MU-001-VM-min.jpg,,,,,,,,,52,Villamart,
2382,simple,OL-GN-001-VM,"Groundnut Oil (Cold Pressed) 500ml",'-1,0,visible,,,,,taxable,,0,,,0,0,,,,,0,,159,170,"Oil & Ghee",,,https://www.villamart.in/files/OL-GN-001-VM-min.jpg,,,,,,,,,53,Villamart,
2383,simple,PR-BD-001-VM,"Fula Badi 300gm",'-1,0,visible,,,,,taxable,,0,,,0,0,,,,,0,,119,129,"SHG & FPO specials",,,https://www.villamart.in/files/PR-BD-001-VM-min.jpg,,,,,,,,,48,Villamart,
2384,simple,DR-SV-003-ST,"Stevia Blended Tea",'-1,0,visible,,,,,taxable,,0,,,0,0,,,,,0,,139,150,Beverages,,,https://www.villamart.in/files/DR-SV-003-ST-min.jpg,,,,,,,,,62,Stevisan,
2385,simple,DR-MX-001-VM,"Multigrain Energy Mix 500gm",'-1,0,visible,,,,,taxable,,0,,,0,0,,,,,0,,145,150,Beverages,,,https://www.villamart.in/files/DR-MX-001-VM-min.jpg,,,,,,,,,64,Villamart,
2671,simple,,"Green Chili  100gm",1,0,visible,,"<img class=""alignnone size-medium wp-image-2673"" src=""https://www.villamart.in/files/Chilli-300x300.jpg"" alt=""chilli"" width=""300"" height=""300"" />",,,taxable,,1,,,0,0,,,,,0,,,20,Vegetables,,,https://www.villamart.in/files/Chilli.jpg,,,,,,,,,0,,
2674,simple,,"Cabbage (1 Piece)",1,0,visible,,"<img class=""alignnone size-medium wp-image-2676"" src=""https://www.villamart.in/files/cabbages-300x300.jpg"" alt=""cabbages"" width=""300"" height=""300"" />",,,taxable,,1,,,0,0,,,,,0,,,40,Vegetables,,,https://www.villamart.in/files/Cabbage.jpg,,,,,,,,,0,,
2677,simple,,"Drumstick 1 Kg",1,0,visible,,"<img class=""alignnone size-medium wp-image-2716"" src=""https://www.villamart.in/files/Drumstick-300x225.jpg"" alt=""drumstick"" width=""300"" height=""225"" />",,,taxable,,1,,,0,0,,,,,0,,,95,Vegetables,,,https://www.villamart.in/files/drumstick.png,,,,,,,,,0,,
2679,simple,,"Cauliflower (1 Piece)",1,0,visible,,"<img class=""alignnone size-medium wp-image-2681"" src=""https://www.villamart.in/files/Cauliflower-300x300.jpg"" alt=""cauliflower"" width=""300"" height=""300"" />",,,taxable,,1,,,0,0,,,,,0,,60,70,Vegetables,,,https://www.villamart.in/files/cAULIFLOWER.jpg,,,,,,,,,0,,
2682,simple,,"Bitter Gourd 1 Kg",1,0,visible,,,,,taxable,,1,,,0,0,,,,,0,,,80,Vegetables,,,https://www.villamart.in/files/kalara.jpg,,,,,,,,,0,,
2688,simple,,"Orange Sweet Potato",'-1,0,visible,,,,,taxable,,0,,,0,0,,,,,0,,,,Vegetables,,,,,,,,,,,,0,,
2690,simple,,"Purple Sweet Potato",'-1,0,visible,,,,,taxable,,0,,,0,0,,,,,0,,,,Vegetables,,,,,,,,,,,,0,,
2694,simple,,"Capsicum 1 Kg",1,0,visible,,,,,taxable,,1,,,0,0,,,,,0,,,120,Vegetables,,,https://www.villamart.in/files/Capsicum.jpg,,,,,,,,,0,,
2696,simple,,"Lady Fingers (Bhindi) 1 Kg",1,0,visible,,,,,taxable,,1,,,0,0,,,,,0,,,80,Vegetables,,,https://www.villamart.in/files/bhendi.jpg,,,,,,,,,0,,
2698,simple,,"Carrot 1 Kg",1,0,visible,,,,,taxable,,1,,,0,0,,,,,0,,,45,Vegetables,,,https://www.villamart.in/files/Carrot-1.jpg,,,,,,,,,0,,
2700,simple,,"Beet 1 Kg",1,0,visible,,,,,taxable,,1,,,0,0,,,,,0,,,40,Vegetables,,,https://www.villamart.in/files/beetroot.jpg,,,,,,,,,0,,
2702,simple,,"Ivy Gourd (Kunduri) 1 Kg",1,0,visible,,,,,taxable,,1,,,0,0,,,,,0,,,45,Vegetables,,,https://www.villamart.in/files/kunduri.jpg,,,,,,,,,0,,
2704,simple,,"Spine Gourd",1,0,visible,,,,,taxable,,1,,,0,0,,,,,0,,,50,Vegetables,,,,,,,,,,,,0,,
2708,simple,,"Colocasia (Saru) 1 Kg",1,0,visible,,,,,taxable,,1,,,0,0,,,,,0,,,65,Vegetables,,,https://www.villamart.in/files/saru.jpg,,,,,,,,,0,,
2710,simple,,"Lemon (1 Piece)",1,0,visible,,,,,taxable,,1,,,0,0,,,,,0,,,3,Vegetables,,,https://www.villamart.in/files/lEMON.jpeg,,,,,,,,,0,,
2712,simple,,"Coconut (1 Piece)",1,0,visible,,,,,taxable,,1,,,0,0,,,,,0,,,35,Fruits,,,https://www.villamart.in/files/coconuts.jpeg,,,,,,,,,0,,
2714,simple,,"Elephant Apple",'-1,0,visible,,,,,taxable,,0,,,0,0,,,,,0,,,,Vegetables,,,,,,,,,,,,0,,
2717,simple,,"Guava (desi)",'-1,0,visible,,,,,taxable,,0,,,0,0,,,,,0,,,,Fruits,,,,,,,,,,,,0,,
2726,simple,,"Red Potato 1 Kg",1,0,visible,,,,,taxable,,0,,,0,0,,,,,0,,,15,Vegetables,,,https://www.villamart.in/files/Red-Potato.jpg,,,,,,,,,0,,
2743,simple,,"Pointed Gourd (Potala) 1 Kg",1,0,visible,,,,,taxable,,1,,,0,0,,,,,0,,,70,Vegetables,,,https://www.villamart.in/files/pointed-gourd.jpg,,,,,,,,,0,,
2746,simple,,"Beans 500g",1,0,visible,,,,,taxable,,1,,,0,0,,,,,0,,,95,Vegetables,,,https://www.villamart.in/files/beans.jpg,,,,,,,,,0,,
2749,simple,,"Cucumber 1 Kg",1,0,visible,,,,,taxable,,1,,,0,0,,,,,0,,,60,Vegetables,,,https://www.villamart.in/files/Cucumber-1.jpg,,,,,,,,,0,,
2752,simple,,"Green Pea 1 Kg",1,0,visible,,,,,taxable,,0,,,0,0,,,,,0,,,50,Vegetables,,,https://www.villamart.in/files/green-Peas.jpg,,,,,,,,,0,,
2755,simple,,"Long Beans (Jhudanga) 1 Kg",1,0,visible,,,,,taxable,,1,,,0,0,,,,,0,,,90,Vegetables,,,https://www.villamart.in/files/jhudanga.jpg,,,,,,,,,0,,
2758,simple,,"Radish 3 Piece",1,0,visible,,,,,taxable,,0,,,0,0,,,,,0,,,20,Vegetables,,,https://www.villamart.in/files/radish.jpg,,,,,,,,,0,,
2761,simple,,"Spring Onion 1 Pack",1,0,visible,,,,,taxable,,0,,,0,0,,,,,0,,,20,Vegetables,,,https://www.villamart.in/files/piaja-sandha.jpg,,,,,,,,,0,,
2764,simple,,"Sem (Simba) 1 Kg",1,0,visible,,,,,taxable,,0,,,0,0,,,,,0,,,50,Vegetables,,,https://www.villamart.in/files/Simba.jpg,,,,,,,,,0,,
2766,simple,,"Coriander Leaves 1 Pack",1,0,visible,,,,,taxable,,1,,,0,0,,,,,0,,,20,Vegetables,,,https://www.villamart.in/files/Coriander-Leaves1.jpg,,,,,,,,,0,,
2769,simple,,"Curry Leaves 1 Pack",1,0,visible,,,,,taxable,,1,,,0,0,,,,,0,,,5,Vegetables,,,https://www.villamart.in/files/curry-leaves.jpg,,,,,,,,,0,,
2775,simple,,"Spinach 1 Pack",1,0,visible,,,,,taxable,,1,,,0,0,,,,,0,,,20,Vegetables,,,https://www.villamart.in/files/spinachh.jpg,,,,,,,,,0,,
2779,simple,,"Amaranth Leaves (Kosala Saga) 1 Pack",1,0,visible,,,,,taxable,,1,,,0,0,,,,,0,,,15,Vegetables,,,https://www.villamart.in/files/Amaranth-leaves.png,,,,,,,,,0,,
2782,simple,,"Sweet Potato (Kandamula) 1 Kg",1,0,visible,,,,,taxable,,1,,,0,0,,,,,0,,,85,Vegetables,,,https://www.villamart.in/files/sweet-potato.jpeg,,,,,,,,,0,,
2786,simple,,"Ridge Gourd (Janhi) 1 Kg",1,0,visible,,,,,taxable,,1,,,0,0,,,,,0,,80,85,Vegetables,,,https://www.villamart.in/files/ridge-gourd.jpg,,,,,,,,,0,,
2790,simple,,"Broccoli 1 Piece",1,0,visible,,,,,taxable,,0,,,0,0,,,,,0,,,100,Vegetables,,,https://www.villamart.in/files/broccoli.jpg,,,,,,,,,0,,
2795,simple,,"Bottle Gourd (Lau) 1pc",1,0,visible,,,,,taxable,,1,,,0,0,,,,,0,,30,35,Vegetables,,,https://www.villamart.in/files/lau.jpg,,,,,,,,,0,,
2798,simple,,"Maize Sooji 500 gm",1,0,visible,,,,,taxable,,1,,,0,0,,,,,0,,,45,"Atta\, Flour & Sooji",,,https://www.villamart.in/files/maize-suji-png.png,,,,,,,,,0,,
2800,simple,,"Maize Flour (Makka Atta) 500 gm",1,0,visible,,,,,taxable,,1,,,0,0,,,,,0,,,45,"Atta\, Flour & Sooji, SHG & FPO specials",,,https://www.villamart.in/files/maize-attapng.png,,,,,,,,,0,,
2802,simple,,"Little Millet(Suan) 500 gm",1,0,visible,,,,,taxable,,1,,,0,0,,,,,0,,,65,"Rice & Cereals, SHG & FPO specials",,,"https://www.villamart.in/files/LITTLE-MILLETS_600x600_crop_center.png, https://www.villamart.in/files/IMG_20230124_153853-scaled.jpg, https://www.villamart.in/files/IMG_20230124_153025-scaled.jpg",,,,,,,,,0,Villamart,
2810,simple,CE-BL-002-UT-1,"Black Rice 1 Kg (Copy)",'-1,0,visible,,,,,taxable,,1,,,0,0,,,,,0,,,189,"Rice & Cereals",,,https://www.villamart.in/files/CE-BL-002-UT-min.jpg,,,,,,,,,12,Utpanna,
2812,simple,,"Khani Rice (Jeera) 1kg",1,0,visible,,,,,taxable,,1,,,0,0,,,,,0,,55,60,"Rice & Cereals",,,https://www.villamart.in/files/ifad-vcdp-gives-rice-processing-equipment-farmers-9.png,,,,,,,,,0,,
2814,simple,,"Semi-Brown Rice 1kg",1,0,visible,,,,,taxable,,1,,,0,0,,,,,0,,,60,"Rice & Cereals",,,https://www.villamart.in/files/semi-brown-rice-png.png,,,,,,,,,0,,
2816,simple,,"Diabetes Rice 1kg",1,0,visible,"<img class=""alignnone size-medium wp-image-3206"" src=""https://www.villamart.in/files/diabetes-rice-300x300.webp"" alt=""diabetes rice 1kg"" width=""300"" height=""300"" />","This Diabetic-friendly rice helps manage sugar level &amp; weight. This rice is not only healthier and lower in GI(Glycemic Index) than other rice, but also tastes better. The glycemic index (GI) is a rating system for foods containing carbohydrates. It shows how quickly each food affects your blood sugar (glucose) level when that food is eaten on its own. GI is a number from 0 to 100 assigned to a food, with pure glucose arbitrarily given the value of 100. A food is considered to have a low GI if it is 55 or less; high GI if 70 or more; and mid-range GI if 56 to 69.\n\nPreparation:-\n\n1. Rinse the Low GI Rice with water\n\n2. Add water in the ratio of rice : water - 1:2\n\n3. Cook to boil on high heat\n\n4. Turn the heat to low and cook for 10 minutes\n\n5. Switch off the heat and rest for 10 minutes before serving\n\n&nbsp;\n\n&nbsp;",,,taxable,,1,,,0,0,,,,,0,,80,95,"Rice & Cereals",,,https://www.villamart.in/files/diabetes-rice.webp,,,,,,,,,0,,
2818,simple,,"Black Rice 500gm",1,0,visible,,,,,taxable,,1,,,0,0,,,,,0,,75,100,"Rice & Cereals",,,https://www.villamart.in/files/media_result_20230206_c7a8a4f1-8edf-4b2b-87aa-e611428f96aa.png,,,,,,,,,0,,
2820,simple,,"Chana Dal 500gm",1,0,visible,,"Description-\n\n-Excellent source of vegetarian protein\n\n-Diabetic friendly.\n\n-Improves Insulin Response.\n\nBenifits -\n\nIt helps in balancing out the fatty acids in the body which increases the elasticity of the skin, gets rid of the wrinkles and smoothens out the fine lines. It also prevents premature wrinkles.",,,taxable,,1,,,0,0,,,,,0,,45,50,"Dals & Pulses",,,https://www.villamart.in/files/Chana-dal.jpeg,,,,,,,,,0,,
2823,simple,,"Kolatha Dal 500gm",1,0,visible,,"Description-\n\nIt helps in balancing out the fatty acids in the body which increases the elasticity of the skin, gets rid of the wrinkles and smoothens out the fine lines. It also prevents premature wrinkles.",,,taxable,,1,,,0,0,,,,,0,,60,70,"Dals & Pulses, Processed Grain Products",,,https://www.villamart.in/files/kolatha-png-new.png,,,,,,,,,0,,
2825,simple,,"Arhar Dal 500gm",1,0,visible,,"Benifits-\n\n-Rich source of protein.\n\nDescription-\n\nArhar dal, also known as toor dal or pigeon pea, is a type of lentil that is commonly used in Indian cuisine.",,,taxable,,1,,,0,0,,,,,0,,,85,"Dals & Pulses",,,https://www.villamart.in/files/Arhar-Dal.jpg,,,,,,,,,0,,
2827,simple,,"Masoor Dal 500gm",1,0,visible,,"Benifits-\n\n-It may have antioxidant activity.\n\n-It may show anticancer properties.\n\n-It may show antidiabetic activity.\n\nDescription-\n\nIt is also a rich source of potassium, which acts as a vasodilator and controls blood pressure. Besides these, it has notable amounts of vitamin C, B6, B2, folic acid, calcium, zinc, and magnesium.",,,taxable,,1,,,0,0,,,,,0,,,49,"Dals & Pulses",,,https://www.villamart.in/files/MASOOR-DAL.jpg,,,,,,,,,0,,
2829,simple,,"Tadka Dal 500gm",1,0,visible,,"Benifits-\n\n-It is highly beneficial for digestive disorders including gas, indigestion, acidity and diarrhea.\n\nDescription-\n\nIt's made with a blend of three types of healthy lentils -- toor dal, moong dal, Urad, Rajma, Kabuli, Dongarani and masoor dal.",,,taxable,,1,,,0,0,,,,,0,,59,65,"Dals & Pulses",,,https://www.villamart.in/files/tadaka-dal-png.png,,,,,,,,,0,,
2831,simple,,"Moong Dal (Fried) 500gm",1,0,visible,,"Benifits-\n\n-Rich in Nutrients. Moong dal is a nutrient-rich food.\n\n-Helps Prevent Diabetes.\n\n-Improves Digestive Health.\n\n-Boosts Blood Circulation.\n\nDescription-\n\nMoong Dal is procured from Nayagarh District of Odisha &amp; made with split petite yellow lentils, fried and then packed.",,,taxable,,1,,,0,0,,,,,0,,75,80,"Dals & Pulses",,,https://www.villamart.in/files/kolatha-dalpng-1.png,,,,,,,,,0,,
2833,simple,,"Matar 500gm",1,0,visible,,"Benifits-\n\n-Protect Heart.\n\n-Resist Blood Sugar Spikes.\n\n-Prevent Cancer.\n\n-Have Shiny Hair.\n\nDescription-\n\nDried peas are produced by harvesting the peapods when they are fully mature and then drying them. Once they are dried and the skins removed, they split naturally.",,,taxable,,1,,,0,0,,,,,0,,45,50,"Dals & Pulses",,,https://www.villamart.in/files/matar-dal-png.png,,,,,,,,,0,,
2835,simple,,"Kabuli 500gm",1,0,visible,,"Benifits-\n\n-Lowers cholesterol. White peas are a great source of cholesterol.\n\n-lowering fibre.\n\n-Helps with weight loss.\n\n-Stabilises glucose levels.\n\n-Prevents constipation.\n\nDescription-\n\nKabuli chana is believed to be one of the earliest cultivated legumes. It is a small, hard, knobby, beige-coloured bean with a diameter of less than a centimetre.",,,taxable,,1,,,0,0,,,,,0,,75,80,"Dals & Pulses",,,https://www.villamart.in/files/kabuli-png.png,,,,,,,,,0,,
2837,simple,,"Rajma (Big) 500gm",'-1,0,visible,,"Benifits-\n\n-It might help lower the blood sugar levels .\n\n-It might help lower the risk of heart diseases.\n\n-It might be good for the stomach .\n\n-It might help in the weight management .\n\nDescription-\n\nRajma is large with dark red in colour and due to the unique shape of a kidney, they are also called kidney beans.",,,taxable,,1,,,0,0,,,,,0,,79,80,"Dals & Pulses",,,https://www.villamart.in/files/kidney-bean-500x500-1.jpg,,,,,,,,,0,,
2839,simple,,"Gota Moong 500gm",1,0,visible,,"Benifits\n\n-Aids Weight Loss. Moong dal helps enhance the functioning of the cholecystokinin hormone.\n\n-Improves Heart Health. This yellow dal is rich in potassium and iron.\n\n-Rich in Nutrients. Moong dal is a nutrient-rich food.\n\n-Helps Prevent Diabetes. -Improves Digestive Health.\n\n&nbsp;\n\nDescription-\n\nMung beans are high in nutrients and antioxidants, which may provide health benefits. In fact, they may protect against heat stroke, aid digestive health, promote weight loss and lower ‚Äúbad‚Äù LDL cholesterol, blood pressure and blood sugar levels.\n\n&nbsp;\n\n&nbsp;\n\n&nbsp;",,,taxable,,1,,,0,0,,,,,0,,60,65,"Dals & Pulses",,,https://www.villamart.in/files/gota-moong-dal.jpg,,,,,,,,,0,,
2841,simple,,"Chickpea (Buta) 500gm",1,0,visible,,"Benifits-\n\n-They may lower your cancer risk.\n\n-They give you stronger bones.\n\n-They could boost your mental health.\n\nDescription-\n\nAs a rich source of vitamins, minerals, and fiber, chickpeas may offer a variety of health benefits, such as aiding weight management, improving digestion, and reducing your risk of disease.\n\n&nbsp;",,,taxable,,1,,,0,0,,,,,0,,39,45,"Processed Grain Products",,,https://www.villamart.in/files/buta-dal-png.png,,,,,,,,,0,,
2843,simple,,"Urad (Biri) 500gm",1,0,visible,,"Benifits-\n\n-It may show an anti-diabetic potential.\n\n-It may show anti-allergic property\n\n-It may show antimicrobial properties.\n\nDescription-\n\nUrad dal is used on a daily basis in South Indian houses to make batters for vada, idlis and dosas and is also an important ingredient in tempering for most south Indian dishes.",,,taxable,,1,,,0,0,,,,,0,,70,75,"Processed Grain Products",,,https://www.villamart.in/files/1-min.png,,,,,,,,,0,,
2845,simple,,"Dry Chili 50gm",1,0,visible,,"Benifits-\n\n-Aids in Digestion.\n\n-They Have Cardiovascular Benefits.\n\n-Helps Improve Your Metabolism.\n\n-Fights with Cold and Flu.\n\n-Help To Fight Inflammation.\n\nDescription-\n\nDried chillies or dried peppers are added into stir-fries, curries and even soups to add some spiciness to the flavour.",,,taxable,,1,,,0,0,,,,,0,,,18,"Processed Grain Products",,,https://www.villamart.in/files/dried-chillies-shukna-morich-100-gm.jpg,,,,,,,,,0,,
2847,simple,,"Jeera 100gm",1,0,visible,,"Benifits-\n\n-Has anticancer properties.\n\n-May help treat diarrhea.\n\n-Helps control blood sugar.\n\n-Fights bacteria and parasites.\n\nDescription-\n\nJeera is a very good source of potassium and iron which helps in building up your immunity system.",,,taxable,,0,,,0,0,,,,,0,,79,80,"Masalas & Spices",,,https://www.villamart.in/files/jera.jpg,,,,,,,,,0,,
2849,simple,,"Badi 100gm",1,0,visible,,,,,taxable,,1,,,0,0,,,,,0,,,40,"Processed Grain Products",,,https://www.villamart.in/files/badi-png.png,,,,,,,,,0,,
2851,simple,,"Fula Badi 300gm",'-1,0,visible,,,,,taxable,,0,,,0,0,,,,,0,,98,100,"Processed Grain Products",,,https://www.villamart.in/files/8c805f05060a53443d7cccb970869de0.jpg,,,,,,,,,0,,
2853,simple,,"Desi Ghee 200gm",1,0,visible,,,,,taxable,,0,,,0,0,,,,,0,,,,"Processed Grain Products",,,https://www.villamart.in/files/ghee.webp,,,,,,,,,0,,
2857,simple,,"Sarbati Atta 1kg",1,0,visible,,,,,taxable,,1,,,0,0,,,,,0,,49,55,"Processed Grain Products",,,https://www.villamart.in/files/atta-png.png,,,,,,,,,0,,
2859,simple,,"Black Poha 500gm",1,0,visible,,,,,taxable,,1,,,0,0,,,,,0,,,75,"Processed Grain Products",,,https://www.villamart.in/files/blk-poha-png.png,,,,,,,,,0,,
2861,simple,,"Raw Corn Flakes 250gm",1,0,visible,,,,,taxable,,1,,,0,0,,,,,0,,40,42,"Processed Grain Products",,,https://www.villamart.in/files/corn-flakes.jpg,,,,,,,,,0,,
2863,simple,,"Maize Dalia 500gm",1,0,visible,,,,,taxable,,1,,,0,0,,,,,0,,55,70,"Processed Grain Products",,,https://www.villamart.in/files/maize-dalia-pmng.png,,,,,,,,,0,,
2867,simple,,"Dongorani 500gm",1,0,visible,,,,,taxable,,1,,,0,0,,,,,0,,65,75,"Dals & Pulses",,,https://www.villamart.in/files/Dongarani.png,,,,,,,,,0,,
2869,simple,,"Kangu Atta 500gm",1,0,visible,,"Benefits-\n\n-Help regulate blood cholesterol\n\n- Help regulate blood sugar levels\n\n- Rich in iron and calcium, both are crucial for muscle and bone wellness.\n\n- Boost the immune system\n\n- Help in weight loss.\n\n- Improve memory and concentration markedly.\n\nDescription-\n\nFoxtail millet, or indigenously called Kangu is a healthy balanced substitute for traditional rice and is digestible. They are full of protein, dietary fibre, and a wide range of minerals and vitamins. You can integrate foxtail millet 2 or 3 times a week.\n\nPreparation-\n\nFoxtail millet is a flexible cereal that could be included in our breakfast, lunch, and supper meals. Dipping foxtail millet for 6-8 hours is essential since it starts to break down the phytate and assists the digestive process. You can use it to render upma for breakfast, paratha, khichdi, biriyani for a meal, and roti for dinner. It is also used to plump up soups, and curries, and as the base for hot grain salad dressings.",,,taxable,,1,,,0,0,,,,,0,,,130,"Rice & Cereals",,,https://www.villamart.in/files/foxtail-husk-off-1.webp,,,,,,,,,0,,
2873,simple,,"Natural Honey 500gm",1,0,visible,,,,,taxable,,1,,,0,0,,,,,0,,,399,"Processed Grain Products",,,https://www.villamart.in/files/forest-honey.jpeg,,,,,,,,,0,,
2933,simple,,"Puffed Rice (Desi Mudhi) 400gm",1,0,visible,,,,,taxable,,0,,,0,0,,,,,0,,40,42,"Processed Grain Products",,,https://www.villamart.in/files/Puffer-Rice.jpg,,,,,,,,,0,,
2936,simple,,"Groundnut 500gm",1,0,visible,,,,,taxable,,1,,,0,0,,,,,0,,,90,"Processed Grain Products",,,https://www.villamart.in/files/Groundnut-2.jpg,,,,,,,,,0,,
2970,simple,,"Red Cabbage (Medium) 1pc",1,0,visible,,,,,taxable,,0,,,0,0,,,,,0,,30,70,Vegetables,,,https://www.villamart.in/files/Red-cabbage-PNG-Isolated-Photo.png,,,,,,,,,0,,
2974,simple,,"Orange Cauliflower 1pc",1,0,visible,,,,,taxable,,0,,,0,0,,,,,0,,50,70,Vegetables,,,https://www.villamart.in/files/2706_Image1.webp,,,,,,,,,0,,
2978,simple,,"Red Radish (1Bunch)",1,0,visible,,,,,taxable,,0,,,0,0,,,,,0,,15,22,Vegetables,,,https://www.villamart.in/files/radis_long-large.jpg,,,,,,,,,0,,
2983,simple,,"Desi Kabuli(Tiasi) 500gm",1,0,visible,,,,,taxable,,1,,,0,0,,,,,0,,80,90,"Dals & Pulses",,,https://www.villamart.in/files/IMG_2147-1.png,,,,,,,,,0,,
2995,"simple, virtual",,"Prime Membership",1,1,visible,"Be a PRIME MEMBER of Villa Mart and get the exciting benefits","Be a PRIME MEMBER of Villa Mart and get the exciting benefits such as,\n\nüëâ Discounts on each weekly basket\n\nüëâ Sourcing information of vegetables\n\nüëâ Can visit the farms\n\nüëâ Cooking tips of healthy recipe\n\nüëâ Referral code cum additional discount\n\nüëâ FREE Doorstep delivery",,,taxable,,1,,,0,1,,,,,0,,,99,Membership,,,https://www.villamart.in/files/prime-membership-min.png,,,,,,,,,0,Villamart,
2996,simple,,"Basic Vegetable Basket",1,1,visible,"VillaMart is ready to deliver you a basket of vegetables ‚ÄúVilla-Basket‚Äù, a well balanced category of vegetables in a single basket, that is customized for a 3 member small family. However,¬† a bigger family can order multiple baskets a week which will be delivered at their doorstep with zero delivery charge.","<b>Searching for vegetables and carrying a basket of vegetables is a tedious task.¬†¬†</b>\n\n<b>VillaMart is ready to deliver you a basket of vegetables ‚ÄúVilla-Basket‚Äù, a well balanced category of vegetables in a single basket, that is customized for a 3 member small family. However,¬† a bigger family can order multiple baskets a week which will be delivered at their doorstep with zero delivery charge.</b>\n\n&nbsp;\n\nBasket Specification\n\nüëâ 20 varieties of Veggies\n\nüëâ 7-8 Kgs per Basket\n\nüëâConvenient for family of 2-3 people. Families with more members can order multiple baskets\n\nüëâOne can select vegetable items as per their choice\n\nüëâ Next day free doorstep delivery\n\n&nbsp;\n\n&nbsp;",,,taxable,,1,,,0,0,,,,,0,,,349,"Villa Basket",,,https://www.villamart.in/files/Yellow-Orange-Brown-Textured-Silhouette-Dussehra-Instagram-Story.png,,,,,id:2995,id:2995,,,0,Villamart,3267
3145,simple,,"Customized Vegetable Basket",'-1,1,visible,"VillaMart is ready to deliver you a basket of vegetables ‚ÄúVilla-Basket‚Äù, a well balanced category of vegetables in a single basket, that is customized for a 3 member small family. However,¬† a bigger family can order multiple baskets a week which will be delivered at their doorstep with zero delivery charge.","<b>Searching for vegetables and carrying a basket of vegetables is a tedious task.¬†¬†</b>\n\n<b>VillaMart is ready to deliver you a basket of vegetables ‚ÄúVilla-Basket‚Äù, a well balanced category of vegetables in a single basket, that is customized for a 3 member small family. However,¬† a bigger family can order multiple baskets a week which will be delivered at their doorstep with zero delivery charge.</b>\n\n&nbsp;\n\nBasket Specification\n\nüëâ 20 varieties of Veggies\n\nüëâ 7-8 Kgs per Basket\n\nüëâConvenient for family of 2-3 people. Families with more members can order multiple baskets\n\nüëâOne can select vegetable items as per their choice\n\nüëâ Next day free doorstep delivery\n\n&nbsp;\n\n&nbsp;",,,taxable,,0,,,0,0,,,,,0,,,1,"Villa Basket",,,https://www.villamart.in/files/veg-basket-01-min.jpg,,,,,id:2995,id:2995,,,0,Villamart,3146
3152,simple,,"Festive Special Basket",'-1,1,visible,"<strong>Order Now. We will deliver on 18th May.</strong>\n\nVillaMart is delivering Festive Basket, no need to search for different products needed for Savitri. The aim is to provide a basket of locally produced seasonal fruits and some add-on items for the Savitri Festival. At the same time, this initiative also helps to promote sustainable living along with supporting the farmers.\n\nThis basket will be delivered at your doorstep at 389.00 if you are a prime member of VillaMart.\n\n<strong>Basket Specification:</strong>\n\nüëâ Mango : 1kg\nüëâ Jackfruit 1Pc\nüëâ Ice Apple (‡¨§‡¨æ‡¨≥ ‡¨∏‡¨ú): 1Pc\nüëâ Dates: 1Bunch\nüëâ Desi Banana: 6Pc\nüëâ Coconut 1Pc\nüëâ Pineapple: 1Pc\nüëâ Whole Moong: 500g\nüëâ Puja Kit (Brata, Sindura, Alata, Chudi): 1Pc","<h6><span style=""color: #008000;"">Savitri Special Basket is¬† over now, Next is Raja Basket</span></h6>\nVillaMart is delivering Festive Basket, no need to search for different products needed for Savitri. The aim is to provide a basket of locally produced seasonal fruits and some add-on items for the Savitri Festival. At the same time, this initiative also helps to promote sustainable living along with supporting the farmers.\n\n<strong>Basket Specification:</strong>\n\nüëâ Mango : 1kg\nüëâ Jackfruit 1Pc\nüëâ Ice Apple (‡¨§‡¨æ‡¨≥ ‡¨∏‡¨ú): 1Pc\nüëâ Dates: 1Bunch\nüëâ Desi Banana: 6Pc\nüëâ Coconut 1Pc\nüëâ Pineapple: 1Pc\nüëâ Whole Moong: 500g\nüëâ Puja Kit (Brata, Sindura, Alata, Chudi): 1Pc\n\n&nbsp;\n\n&nbsp;",,,taxable,,0,,,0,0,,,,,0,,480,600,"Villa Basket",,,https://www.villamart.in/files/post-2023.png,,,,,id:2995,id:2995,,,0,Villamart,
3155,simple,,"Green Basket",1,1,visible,"15 vegetables (including 3 leafy vegetables) worth ~ Rs 440.00 will be delivered at your doorstep at 369.00 if you are a prime member of VillaMart.\n\nChoose Villa Basket and Stay Healthy.","15 vegetables (including 3 leafy vegetables) worth ~ Rs 440.00 will be delivered at your doorstep at 369.00 if you are a prime member of VillaMart.\nWhy This Basket?\nThese days getting chemical free vegetable is next to impossible. All kinds of organic vegetables are not possible also to get.\n\nHowever VillaMart is connected with multiple farmers across the state including the tribal farmers, multiple SHGs/ PGs/ FPOs or different organizations, where people use no chemicals or less chemicals. And Wherever we source we do treat the green vegetables with ozone water and clean from surface chemicals &amp; pesticides as much as possible. One can feel the taste of good quality products.\nChoose Villa Basket and Stay Healthy.\n\nBasket Specification\n\nüëâ 15 varieties of Veggies\n\nüëâ 7-8 Kgs of veggies per Basket\n\nüëâNext day free doorstep delivery\n\nüëâ One can select vegetable items as per their choice\n\nüëâOne can not get the cleaned or healthy vegetables from the market\n\nüëâAdd on vegetables can be added with the basket to get delivered with the basket\n\n&nbsp;\n\n&nbsp;",,,taxable,,1,,,0,0,,,,,0,,,399,"Villa Basket",,,https://www.villamart.in/files/1.png,,,,,id:2995,id:2995,,,0,Villamart,3268
3165,simple,,"RAGI COCONUT LAADU",'-1,0,visible,,,,,taxable,,0,,,0,0,,,,,0,,100,120,"SHG & FPO specials, Sweet\, Sour & Salt",,,https://www.villamart.in/files/IMG20230510155954-1-scaled.jpg,,,,,,,,,0,Villamart,
3168,simple,,"RAGI KHURMA",'-1,0,visible,,,,,taxable,,0,,,0,0,,,,,0,,100,110,"SHG & FPO specials, Sweet\, Sour & Salt",,,,,,,,,,,,0,,
3174,simple,,"RAGI ROSE CAKE",'-1,0,visible,,,,,taxable,,0,,,0,0,,,,,0,,30,45,"SHG & FPO specials, Sweet\, Sour & Salt",,,https://www.villamart.in/files/ragi-rose-cake.jpg,,,,,,,,,0,,
3177,simple,,"RAGI COOKIES",'-1,0,visible,,,,,taxable,,0,,,0,0,,,,,0,,100,110,"SHG & FPO specials",,,https://www.villamart.in/files/IMG20230510155639-1-scaled.jpg,,,,,,,,,0,,
3188,simple,,"Biryani Rice 500g",1,0,visible,,,,,taxable,,1,,,0,0,,,,,0,,60,80,"Rice & Cereals",,,https://www.villamart.in/files/istockphoto-1186262899-612x612-Copy.jpg,,,,,,,,,0,Villamart,
3192,simple,,"WHITE MUSTARD SEEDS 100G",1,0,visible,,,,,taxable,,1,,,0,0,,,,,0,,20,25,"Masalas & Spices",,,https://www.villamart.in/files/White-Mustard-Seed.jpg,,,,,,,,,0,Villamart,
3195,simple,,BRINJAL,1,0,visible,,,,,taxable,,1,,,0,0,,,,,0,,,60,Vegetables,,,https://www.villamart.in/files/Brinjal.jpeg,,,,,,,,,0,Villamart,
3200,simple,,"JACK FRUIT (Ripen) 1PC",1,0,visible,,,,,taxable,,0,,,0,0,,,,,0,,,100,Vegetables,,,https://www.villamart.in/files/Jack-fruit-raw.jpg,,,,,,,,,0,Villamart,
3203,simple,,"MANGO (Ripen_Amrapali)",1,0,visible,,,,,taxable,,0,,,0,0,,,,,0,,80,100,Fruits,,,https://www.villamart.in/files/51ByzL4LRML._SX522_.jpg,,,,,,,,,0,Villamart,
3237,simple,,"Ragi Mixture 300g",'-1,0,visible,,,,,taxable,,0,,,0,0,,,,,0,,120,140,"SHG & FPO specials",,,https://www.villamart.in/files/Ragi-mixture-1-Copy.jpg,,,,,,,,,0,,
3256,simple,,"Healthy Grocery Basket",1,1,visible,"VillaMart is ready to deliver you a basket of vegetables ‚ÄúVilla-Basket‚Äù, a well balanced category of dal, rice, atta, millets, oil, spices etc in a single basket, that is customized for a 3 member small family. However,¬† a bigger family can order multiple baskets a week which will be delivered at their doorstep with zero delivery charge.","Eat a balanced nutri based products in a week\n\nüëâ 1.5Kg dal from 6¬† varieties\n\nüëâ 2Kg Desi rice (Raw rice/Boiled rice)\n\nüëâ1Ltr of cold press oil (Mustard &amp;Groundnut)\n\nüëâ 1Kg Sarbati Atta with multigrain millet mix pouch for different day\n\nüëâ Natural choice of Spices\n\n&nbsp;\n\n&nbsp;",,,taxable,,1,,,0,0,,,,,0,,,880,"Villa Basket",,,https://www.villamart.in/files/2.png,,,,,id:2995,id:2995,,,0,Villamart,3274
